{
  "train batch loss": 0.0010011501759290696,
  "_timestamp": 1666614313,
  "_runtime": 1396,
  "_step": 1499,
  "train batch AUC": 0.43603515625,
  "val AUROC": 0.5576923076923077,
  "_wandb": {
    "runtime": 1397
  }
}